{
    "Calibration_SN": {
        "2": 1
    },
    "Calibration_Date_stamp": {
        "3": 42402019
    },
    "Intrinsic": {
        "5": [
            664.982,
            0.000,
            381.462,
            0.000,
            663.478,
            229.907,
            0.000,
            0.000,
            1.000
        ]
    },
    "Distortion_Coeff": {
        "6": [
            -0.243072,
            0.200952,
            -0.000248,
            -0.000976,
            -0.166482
        ]
    }
}